"video_id","title","published_at"
"5GryfpQ0rFQ","Femminicidio Ilaria Sula, la madre di Samson torna in Questura: &quot;√à sotto shock ma ha risposto al pm&quot;","2025-04-29T13:09:57Z"
"bYgMgtEq_4s","&quot;Mataron a mis hijos: El Feminicidio de F√°tima, la Negligencia a Daniel&quot; Lorena G|Pepe&amp;Chema Podcast","2025-04-29T15:01:05Z"
"bKC3f365d_k","Femminicidio di Sara Campanella, parla la madre dell&#39;assassino - La Vita in Diretta 07/04/2025","2025-04-07T17:05:26Z"
"eKcH6ZjVeVs","Femminicidio Ilaria Sula, perch√© √® indagata la madre del killer - La Vita in Diretta 07/04/2025","2025-04-07T17:06:17Z"
"c5u4VjkJ8zE","Femminicidi, √® tempo che gli uomini facciano la loro parte nella lotta alla violenza patriarcale","2025-04-04T10:36:11Z"
"7XiBEx2ocQg","Reato di femminicidio: ergastolo per chi uccide una donna  - Unomattina 10/03/2025","2025-03-10T09:43:20Z"
"PMhtoayFNlI","‚ÄúEntr√≥ a una casa con sus amigas‚Ä¶ y nunca sali√≥ | Feminicidio de Iv√≥n Maricela‚Äù","2025-04-27T15:00:40Z"
"Z14DlZQYZG0","#CierraTuFIA | Piden anular 11 candidaturas por posibles nexos con el narco, reporta el INE","2025-05-01T05:19:25Z"
"H9xa1l9IIOo","¬øActu√≥ solo? Nuevas im√°genes del feminicidio en Ciudad Bol√≠var. |¬†El Tiempo","2025-04-26T02:44:28Z"
"f5r8pRgldjY","Femminicidio. Che cos&#39;√®, come si pu√≤ fermare?","2013-01-29T09:49:00Z"
"tZtxn5-c4bw","Sara Campanella uccisa da un suo compagno d&#39;universit√† - La Vita in Diretta 01/04/2025","2025-04-01T16:26:58Z"
"OkMUfXHK1u8","Femminicidio Sofia Castelli, la mamma: ‚ÄúNon le √® stato permesso di vivere la sua vita‚Äù","2024-11-28T11:00:26Z"
"ZpXhqEUsOMM","Ecco come √® stata uccisa Ilaria Sula - La Vita in Diretta 02/04/2025","2025-04-02T17:45:23Z"
"Td7asoI1tl0","Ilaria Sula uccisa dall&#39;ex e messa in una valigia, lo zio del killer: &quot;Perch√© l&#39;ha fatto?&quot;","2025-04-02T15:49:47Z"
"dI9CW0OtICI","Femminicidio, Travaglio: &quot;Hanno scarcerato uno perch√© era obeso e fumava troppo, ma fagli una ...","2023-12-01T23:53:18Z"
"faxHXXSgxeQ","Una strage continua: storie e numeri del femminicidio - Oggi √® un altro giorno 05/06/2023","2023-06-05T16:09:52Z"
"xbpxCdtPnDQ","In Italia abbiamo davvero un problema di FEMMINICIDI e di violenza sulle DONNE?","2024-11-20T12:00:31Z"
"kX-bVy1XEP8","Il femminicidio di Ilaria: la madre dell&#39;assassino √® complice - Storie italiane 09/04/2025","2025-04-09T09:25:36Z"
"sc_XHnNvySk","Femminicidio Sara Campanella, il video del TG1 prima  dell&#39;aggressione","2025-04-02T19:15:16Z"
"9kMWdaQfuSU","Uccisa dal compagno mentre prepara il caff√® - La Vita in diretta 10/02/2025","2025-02-10T20:54:16Z"
"Qr9Iehj9o2o","Jovem √© preso ap√≥s esfaquear ex-companheira em pastelaria","2025-05-01T08:05:08Z"
"EF0Aqn9cLrc","Vera Squatrito: il femminicidio della figlia Giordana - Storie di donne al bivio 09/10/2024","2024-10-11T18:00:07Z"
"GmzblQkGa2Q","Femminicidio di Sara, lo zio: &quot;Lei lo respingeva, lui era ossessionato&quot;","2025-04-02T12:25:41Z"
"uKDUmccddK8","Dan 170 a√±os de prisi√≥n contra feminicidas de ni√±a F√°tima Cecilia en CDMX","2025-04-30T21:19:10Z"
"V73-pKOzCT0","Femminicidi e patriarcato, il grido di Milano: &quot;Quante ancora di noi devono morire?&quot;","2025-04-04T06:44:06Z"
"O5UmQEDoGMU","Barbara, salva per miracolo da un tentato femminicidio - Oggi √® un altro giorno 09/06/2023","2023-06-09T19:26:34Z"
"NPTPemyPeUI","Omicidio Quaranta: confermato ergastolo, √® femminicidio - FarWest 29/11/2024","2024-12-03T09:00:31Z"
"CQFUhl7ezmk","Femminicidio Bologna: gelosia malata, le ossessioni dell&#39;ex - Estate in diretta - 29/08/2022","2022-08-29T17:32:23Z"
"5Mz0PAyPNqM","Il femminicidio di Noemi Durini - Generazione Z del 30/04/2024","2024-05-02T09:27:27Z"
"laIetBJDufQ","Femminicidi, Umberto Galimberti: &quot;Il delitto √® antropologico, l&#39;emancipazione delle donne ...","2023-11-25T12:00:53Z"
"fgM-cKF9mus","Orfani speciali: le storie dei figli di donne vittime di femminicidio","2024-11-25T16:40:58Z"
"7mhqUws0SjY","Il Femminicidio √à Un Reato  Discriminatorio? #femminicidio #avvocatopenalista #discriminazione","2025-03-08T15:11:40Z"
"lZMC2MUX0L8","Femminicidio Pordenone, il pap√† di Aurelia: &quot;La tradiva e voleva lasciarlo&quot;","2020-11-27T15:51:19Z"
"2Y0E-rw865s","Giulia Tramontano √® vittima di femminicidio e lo sapevamo tutte","2023-06-01T18:02:12Z"
"glJaDeDkHeY","IL DDL FEMMINICIDIO √à SCANDALOSO - Diva Podcast ep.190","2025-03-10T12:00:59Z"
"ywjdBsbCjW8","Il femminicidio di Marisa Leo - Filorosso extra - 12/09/2023","2023-09-13T09:22:40Z"
"gjcky3p4x_g","Sara Campanella e Ilaria Sula: Storia e Analisi dei due Femminicidi | Notizie True Crime","2025-04-09T11:01:03Z"
"9XllYOc1g8A","‚ô†Ô∏è Femminicidio e Perizia Psichiatrica ‚ô£Ô∏è #criminologia","2023-12-12T07:19:32Z"
"BgflC6Ji0mQ","Sara Campanella uccisa a Messina: lo sfogo del il fratello Claudio - Storie italiane 03/04/2025","2025-04-03T10:22:14Z"
"wqG5CiCMbSM","Per Vannacci il femminicidio √® un omicidio qualsiasi: il confronto con Alessio Lasta","2023-12-10T22:50:19Z"
"PfTx2w9kGvw","Femminicidio Giulia Cecchettin, Paolo Crepet si commuove in diretta.","2023-11-21T11:47:21Z"
"3l8sjbWAUIQ","La ministra Eugenia Roccella sul ddl Femminicidio - XXI Secolo 10/03/2025","2025-03-11T08:43:43Z"
"6TlSnmCXK08","2/05/2025 FEMMINICIDIO CHIAPPERINI LUTTO CITTADINO NEL GIORNO DEI FUNERALI","2025-05-02T08:43:09Z"
"aXk6fwCXqb4","M√°s all√° del rosa- El f3m1nic1dio de una hija y una madre que no se rinde con Norma Ledezma","2025-04-28T15:22:11Z"
"pMHuV1vOwEk","Sfregiata dall&#39;ex, &quot;Pensavo: questa √® la mia ora&quot; - Estate in diretta 05/07/2024","2024-07-05T18:44:13Z"
"VXUVCEHUAjw","Femminicidi, patriarcato, educazione sentimentale e relazioni.","2023-11-24T13:51:57Z"
"uxMLAPDNyRQ","TG CRIME: IL FEMMINICIDIO DI ILENIA FABBRI e ANNA BORSA, IL PADRE DELLA TIKTOKER CONTRO LO STALKER","2022-03-04T18:31:01Z"
"al8HTTwIuLI","Femminicidio: rispondo alle critiche","2024-11-26T18:19:21Z"
"KECkDK9CYUs","Il femminicidio di Sara Campanella, l‚Äôennesimo - Nel caso te lo fossi perso Ep 12","2025-04-01T16:02:39Z"
"Z-hH1QW3J-c","FEMMINICIDIO Sara CAMPANELLA, il procuratore: &quot;La vittima subiva insistenti attenzioni da due anni&quot;","2025-04-01T11:49:03Z"
"mWP_GKhlzJ4","Il femminicidio di Yana Malayko - Storie Italiane 06/06/2023","2023-06-06T13:06:31Z"
"r9ImYvPPpn4","&quot;Le 48 coltellate a mia figlia&quot;: Vera Squatrito racconta il FEMMINICIDIO di Giordana di Stefano","2020-03-16T13:00:15Z"
"aQFnEyMbyr4","Femminicidio Giulia Cecchettin, Travaglio: &quot;Non penso sia un delitto di Stato&quot;","2023-11-23T21:05:58Z"
"DOyUcddajI4","Nordio: &quot;Il femminicidio diventa reato autonomo, risultato epocale&quot;","2025-03-07T20:32:01Z"
"81gV0YfMT9A","Siamo Noi (Tv2000), 1¬∞ aprile 2025 ‚Äì Femminicidio nel Messinese: uccisa in strada Sara Campanella","2025-04-01T16:20:43Z"
"pubLCwezTZw","Femminicidio in strada a Roma, fisioterapista uccisa con un fucile dall&#39;ex","2024-07-04T17:23:41Z"
"980V_J_dtFc","Il Femminicidio, l&#39;Orso e l&#39;Epidemia di Solitudine Maschile","2025-03-07T16:00:10Z"
"v8jy4_QgKpo","Perch√© si chiama femminicidio? La porta per uscire dalla violenza √® sempre aperta","2022-11-25T10:20:48Z"
"f0oTzSG6khw","&quot;Sono un orfano di femminicidio&quot;, la storia di Massimo Di Pietro - Il Cavallo e la Torre 25/11/2024","2024-11-26T08:55:43Z"
"L3Vl3zc4RjM","Femminicidio Ilaria Sula, si cercano tracce dei complici - La Vita in Diretta 09/04/2025","2025-04-09T17:19:47Z"
"AtsIWKBdsRE","Femminicidio Sara Campanella. Stefano Argentino ha confessato","2025-04-02T12:20:40Z"
"b9S7ncL1Fi8","La storia del femminicidio di Treviso - Porta a porta 19/12/2023","2023-12-20T08:56:16Z"
"H2lQu2yA__4","Giulia Tramontano, vittima di femminicidio: la ricostruzione delle ultime ore prima dell&#39;omicidio","2023-06-01T19:38:53Z"
"2SFhZgJ0sdo","L‚Äôex violento evade due volte dai domiciliari, Chiara: ‚ÄúMi registro prima che mi uccida‚Äù","2024-11-09T15:00:04Z"
"7OqTuGb5Jl8","Sara Campanella, a Messina un flash-mob a un mese dal femminicidio","2025-04-29T17:14:56Z"
"qcQPR_BSM74","Deborah Saltori, vittima di femminicidio dopo 4 anni di violenze - Storie italiane 25/02/2021","2021-02-25T13:09:40Z"
"LA0rhj3Nnxs","Femminicidio Ilaria Sula: cosa nasconde Mark Samson? | Notizie True Crime","2025-04-16T11:00:36Z"
"8PRpXlDzO9c","Gaia picchiata dall&#39; ex: salva per miracolo - Storie italiane 08/04/2025","2025-04-08T09:35:33Z"
"9q1Zvyilwhk","Esto se sabe del FEMINICIDIO de Yesika Paola Ch√°vez, el caso que enluta a Bogot√°","2025-04-25T21:24:58Z"
"BH1B8epAOdM","Violenza e Femminicidio | Cause profonde | PSICHIATRA","2023-11-26T17:43:36Z"
"gml8D-uc5xg","FEMMINICIDI IN ITALIA: le morti di Sara Campanella e Ilaria Sula","2025-04-14T15:00:58Z"
"fWiLp1ErHx4","Amore criminale - Storie di femminicidio - Puntata del 16/02/2020","2020-02-17T14:11:50Z"
"9qmYsSPVMOU","Florencia, orfana di femminicidio: &quot;Non ho pi√π una casa&quot; - Oggi √® un altro giorno 23/02/2022","2022-02-23T20:03:21Z"
"A61rKUaHCW0","Omicidio Primvalle, Crepet: &quot;Femminicidio non riguarda solo gli uomini&quot;","2023-07-05T15:34:00Z"
"vLX9Kel1PLI","Femminicidio Ilaria Sula, il padre: ¬´Non meritava questa fine, il colpevole marcisca in galera¬ª","2025-04-07T14:48:26Z"
"S-vXebQgTnQ","Femminicidio Matteuzzi, per Padovani ergastolo anche in appello - La Vita in diretta 11/11/2024","2024-11-11T20:37:43Z"
"sZ1Hb-XSCJk","PT.3: FEMMINICIDIO - Uomini che maltrattano le donne","2020-03-04T14:24:31Z"
"RcfH8rnStoQ","Femminicidio Roma, Annarita uccisa dall&#39;ex geloso - Estate in diretta 07/08/2024","2024-08-07T19:13:32Z"
"6gNKHMiondg","üö® CASO VICTORIA PAMELA: el FEMINICIDIO | #Diagn√≥stico 108 | Mr Doctor","2025-04-25T00:00:07Z"
"TcPoRE27-o4","Stefania Andreoli sul femminicidio","2024-05-21T11:08:42Z"
"TACrdZ1G33w","Femminicidio a Samarate: per l&#39;assassino √® colpa sua, anche da morta. Mai un&#39;assunzione di colpa.","2025-04-18T16:10:49Z"
"CcimDbFzTL4","Femminicidio: mancati risarcimenti ai familiari delle vittime - Storie italiane 18/12/2019","2019-12-18T16:31:23Z"
"MQI_FjGcsMk","Femminicidi, Vannacci: ‚ÄúAltro che patriarcato, il problema √® l‚Äôuomo debole‚Äù","2023-11-26T13:46:49Z"
"pBj3eeGkgCU","Guida al nuovo Reato di Femminicidio","2025-03-11T13:26:48Z"
"_R3VhWqhvCM","Marcia per Lucia Chiapperini, vittima di femminicidio a Mariotto: &quot;Non vogliamo vivere nell&#39;ombra&quot;","2025-04-30T08:58:51Z"
"JgLzJDkK8Ys","Violenza contro le donne, Roccella: ¬´Ora il femminicidio √® reato autonomo¬ª","2025-03-07T22:50:38Z"
"b6F_Sf7CEbI","E se il reato di femminicidio fosse anticostituzionale?","2025-03-10T23:34:08Z"
"uVh3aeNnEn8","Femminicidio a Messina: uccisa Sara Campanella","2025-04-03T14:01:10Z"
"DUPEGhqS8a8","A Caltagirone un corteo di soli maschi per il femminicidio di Sara Campanella","2025-04-20T09:02:59Z"
"wYNNDaUfNck","Femminicidio Sara Campanella, fiori e messaggi sul luogo del delitto. ‚ÄúPassando da qui ti penseremo‚Äù","2025-04-01T11:17:17Z"
"cVmEw--nKBQ","Victimario alega que el diablo le orden√≥ cometer el feminicidio","2025-04-28T00:33:05Z"
"KiAB3lZw7zc","Parla la mamma di Desir√©e, vittima di femminicidio - Avanti Popolo 12/12/2023","2023-12-13T09:55:03Z"
"Jgj70UKF_0Y","Femminicidio Ilaria Sula, l&#39;avvocato della famiglia: &quot;Dubbi che Samson abbia fatto tutto da solo&quot;","2025-04-04T16:29:35Z"
"EcZR_Q1h9ZE","Femminicidio Ilaria Sula, Valentina Pitzalis: &quot;Dopo Giulia Cecchettin accade di nuovo, sconvolgente&quot;","2025-04-02T18:10:52Z"
"hqcU9udI-9U","Femminicidio Giulia Cecchettin, Fabio Martini contro Crepet: &quot;√à incredibile questa banalizzazione&quot;","2023-11-25T10:06:02Z"
"cRQ_HRhSyE8","Femminicidio Sara, svolta l‚Äôautopsia: uccisa con diverse coltellate. Ritrovata l‚Äôarma del delitto?","2025-04-05T11:13:36Z"
"Wu5P_AVzE-g","Spoleto, uccide la moglie e tenta il suicidio da un ponte - La Vita in Diretta 26/03/2025","2025-03-26T18:51:53Z"
"EjXw7lUl90A","Roccella annuncia il reato di femminicidio e ammette: &quot;Interventi precedenti hanno funzionato poco&quot;","2025-03-09T18:30:17Z"
"srXsNTuRsAM","&quot;Il FEMMINICIDIO √® la parte visibile di un problema di GENERE&quot;","2020-04-29T15:00:43Z"
"Hd3_g97qoRg","Doppio femminicidio, sentenza choc - Storie italiane 14/01/2025","2025-01-14T11:21:56Z"
"z9UxRqm5l6M","Femminicidio a Gualdo Tadino, √® il primo del 2025 - La Vita in diretta 06/01/2025","2025-01-07T07:58:25Z"
"ddmYR7eT5Uc","Ecco perch√© la nuova LEGGE sul FEMMINICIDIO non √® ingiusta ma √® incostituzionale | Avv. Angelo Greco","2025-03-15T07:30:19Z"
"c8vE2jx5Gi0","8 marzo, le voci dal corteo di Roma: &quot;Ddl femminicidio? Vera cura e&#39; educazione&quot;","2025-03-08T11:41:55Z"
"FTLKRQNYS8E","Femminicidio Ilaria Sula, un vicino di casa dell&#39;ex ragazzo: &quot;Gentile, educato e sorridente&quot;","2025-04-02T15:01:32Z"
"ca1aGQkypd8","Treccani e la definizione di &quot;femminicidio&quot;","2023-12-31T10:53:52Z"
"FHChIDyPCsA","MUJERES ARGENTINAS - PROGRAMA 29/04/25 - VOLVI√ì WANDA NARA Y EXPLOT√ì CONTRA ICARDI Y LA CHINA SU√ÅREZ","2025-04-29T15:54:15Z"
"BV_2fQSLAvo","Caso Vit√≥ria: MP denuncia Maicol e quer apura√ß√£o sobre oculta√ß√£o do corpo","2025-04-29T15:37:46Z"
"r5n7T7cvqVA","Femminicidio in ITALIA | Avv. Angelo Greco","2023-11-30T19:18:00Z"
"OKlrR_yvSHA","Il femminicidio di Sofia Castelli - Generazione Z del 23/04/2024","2024-04-24T09:48:42Z"
"gpB-1bpMCFo","Femminicidio Samarate, le parole degli amici della coppia - Ore 14 del 17/04/2025","2025-04-17T16:01:06Z"
"JFjcaXGQWcY","Ilaria Sula, uccisa dall&#39;ex e chiusa in una valigia - Storie italiane 04/04/2025","2025-04-04T10:35:51Z"
"fJx9ZHH7V7I","Eleonora Guidi: un Femminicidio senza Movente? | Notizie True Crime","2025-02-10T12:04:04Z"
"PHmBJhU-F28","Femminicidio Alice Neri, l&#39;avvocato Antonio Ingroia: &quot;Questa vicenda continua a non essere chiara&quot;","2024-12-07T18:37:34Z"
"3sqp1kjFbqQ","Femminicidio Tramontano, ergastolo per Impagnatiello: &quot;Per la famiglia di Giulia non √® una vittoria&quot;","2024-11-25T16:32:45Z"
"TtCfvWiMmOY","Il femminicidio di Alessandra Matteuzzi - Storie Italiane 13/01/2023","2023-01-13T15:03:52Z"
"rDPhZQip-L0","El caso de Hanna Ali Rosales, la modelo y regidora de 19 a√±os que fue encontrada sin vida en Oaxaca","2025-04-28T17:30:13Z"
"EisqWLz0w4o","Revelan video del feminicidio en Ciudad Bol√≠var |¬†El Tiempo","2025-04-23T17:17:50Z"
"KaN-J0BNWuU","Femminicidio a Spoleto, arrestato il compagno","2025-03-27T11:38:35Z"
"6budfVh_r0g","Femminicidio Sara Campanella. Arcidiacono: &quot;Indagini proseguono con analisi dei dispositivi&quot; VIDEO","2025-04-01T10:16:32Z"
"-eRl_Rcd-Mg","Caso Vit√≥ria: MP denuncia Maicol pelo assassinato da adolescente | SBT Brasil (29/04/25)","2025-04-29T23:47:44Z"
"zxkFbuKD4pM","Manuela Petrangeli uccisa dall&#39;ex a colpi di fucile a Roma: &quot;Ho visto il sangue sulla macchina&quot;","2024-07-04T16:44:21Z"
"N_8LLLMpH7A","Nuovo femminicidio a Spoleto, il marito: ‚ÄúHo ucciso mia moglie‚Äù e tenta il suicidio","2025-03-26T19:37:04Z"
"Lc0VS7MURCI","Femminicidio Mariotto (Ba): donna di 74anni uccisa con delle forbici dal marito","2025-04-18T14:49:05Z"
"RzI3vjPPeI8","Roma - Femminicidio e contrasto alla violenza sulle donne (29.04.25)","2025-04-29T14:46:27Z"
"YGygjG7yAYM","Femminicidio di Ilaria Sula, il padre sulla lettera di Samson: &quot;Tempo perso. Le scuse non esistono&quot;","2025-04-11T17:21:11Z"
"mlBrCpOEx20","Svolta epocale. Femminicidio autonoma fattispecie penale, un reato punito con il massimo della pena.","2025-03-08T14:10:06Z"
"XAqrg5EIq2I","Linguaggio e femminicidio - Cecilia Robustelli","2014-06-09T14:08:34Z"
"HjV1VGM_BSs","Che cosa si intende per ‚Äúfemminicidio‚Äù? La spiegazione del prof. Guido Saraceni","2023-06-08T14:50:51Z"
"WjuoKit0ia8","Feminicidio de la ni√±a F√°tima: declaran culpables a Gladis y Mario | Noticias con Crystal Mendivil","2025-04-25T20:26:29Z"
"VJ9RQplRQJg","&quot;Era mia figlia&quot;: Giulia, Federica, Manuela, Sofia, Michelle raccontate da chi le ha amate veramente","2024-11-25T11:00:37Z"
"wc91TjUTfqM","Un femminicidio scampato - I fatti vostri 13/11/2023","2023-11-13T11:51:48Z"
"ORf5ma5fjxc","Femminicidio Sara Campanella. ‚ÄúDeterminante la collaborazione dei testimoni‚Äù","2025-04-01T09:58:17Z"
"bh2ZlPk6SlU","¬°Horror en Quer√©taro! Excustodio mat4 a su pareja embarazada por no recibir dinero","2025-04-29T15:20:00Z"
"ibn91wThW1I","Roma - Femminicidio e contrasto alla violenza sulle donne (24.04.25)","2025-04-24T11:31:22Z"
"JAAlg-sgPbs","Femminicidio Cecchettin, il Pm chiede l&#39;ergastolo per Filippo Turetta","2024-11-25T15:52:57Z"
"6ZSIKIVHMck","Messina, l&#39;audio di Sara al suo assassino: &quot;Lasciami in pace&quot; - Storie italiane 07/04/2025","2025-04-07T10:10:14Z"
"pQ9zcfq-Z-c","La Rosa de Guadalupe: ¬°Lola se salva de un feminicidio! | Escuadr√≥n mam√°","2019-05-09T01:30:01Z"
"bvWpejxnZLY","Vittime di femminicidio: Giordana e il dovere della memoria - Unomattina 29/01/2025","2025-01-29T11:21:03Z"
"A678hmJZD_k","Confirman asesinato de reina de belleza en Oaxaca; estaba desaparecida desde hace una semana","2025-04-24T21:32:10Z"
"6FWn5HfYKXc","Doppio femminicidio, sentenza choc - Storie italiane 23/01/2025","2025-01-23T13:15:37Z"
"Ckz7lJfbVd4","Buonasera di Massimo Gramellini sul femminicidio - Le parole della settimana 23/11/2019","2019-11-25T15:51:51Z"
"G46c37lkwAM","FEMMINICIDIO...BASTA!!!","2024-11-30T18:00:08Z"
"LMzL2LTMFr8","Carbonizzata in un bosco, ipotesi femminicidio - La Vita in diretta 10/01/2025","2025-01-10T18:41:41Z"
"BgTM105E1qc","Femminicidio, bozza ddl: ergastolo per chi uccide una donna come atto di discriminazione o odio","2025-03-07T17:14:07Z"
"ai8kLEBsl3I","66¬∞ Webinar - CRIMINOLOGIA E SOCIOLOGIA DEL FEMMINICIDIO.","2023-12-29T09:58:39Z"
"xCDC4DJrArs","Femminicidio Sara Campanella, l&#39;assassino in carcere in condizioni preoccupanti","2025-04-07T12:39:56Z"
"2xVn5VMm7lQ","Femminicidio Sara Di Pietrantonio, parla la madre: &quot;Dolore infinito&quot;- Detectives 13/03/2025","2025-03-14T09:10:33Z"
"8O0RH8cNf4c","Gigliola Bono: &quot;Il FEMMINICIDIO di mia figlia&quot;","2020-11-25T13:30:00Z"
"0TAMgJVKJbY","Femminicidio di Sara Campanella, fedeli in fila alla camera ardente per renderle omaggio a Misilmeri","2025-04-06T17:30:00Z"
"nGvOqrMCPIA","Femminicidio Ilaria Sula, si valuta la premeditazione","2025-04-04T17:07:25Z"
"BfAHDcxKGtU","Femminicidio nel casertano, uccide la moglie davanti ai figli","2024-10-09T10:21:57Z"
"FCGvailB9oY","L‚Äôamore √® un&#39;altra storia: il FEMMINICIDIO di Nicole","2019-05-16T12:00:02Z"
"-XQvmJDLQLc","Femminicidio di Mariotto, gli istanti del delitto raccolti dal microfono delle telecamere in casa","2025-04-19T11:37:04Z"
"cDL5q3xKgHM","Qualche altra domanda idiota? #duemezzo #femminicidio #femminicidiostopüë†  #stop #stopviolenza","2024-11-25T08:21:19Z"
"HasdUAZTIT0","Ddl femminicidio approvato dal Cdm, Nordio: ¬´Risultato epocale¬ª","2025-03-07T22:56:32Z"
"fD6Pe8yFm9E","Femminicidio Mariotto (Ba), il sindaco di Bitonto: &quot;Momento tristissimo per nostra comunit√†&quot;","2025-04-18T14:53:42Z"
"Dw4G5gkYDAc","FEMMINICIDIO SULA, il legale della famiglia: &quot;Per i genitori di Ilaria l&#39;ergastolo c&#39;√® gi√†&quot;","2025-04-08T11:55:53Z"
"PnBqdjx55gY","Palermo, ancora un femminicidio. Il terzo in 24 ore","2021-02-08T18:54:40Z"
"FpMq_9ILMks","Mara Favro e l&#39;ipotesi del femminicidio, tutti i punti oscuri del giallo -Storie italiane 11/03/2025","2025-03-11T11:34:45Z"
"h7wQO0PGt8g","Confirman la sentencia de 17 a√±os al Fofo por intento de Feminicidio #fofo #fofomarquez #trending","2025-05-01T23:23:38Z"
"SFrSFeIEtzg","Femminicidio di Sofia Castelli, Zakaria Atqaoui condannato a 24 anni: &quot;Questa pena √® una sconfitta&quot;","2024-04-12T16:53:53Z"
"yHvj6TEldUQ","Capturan a hombre por brutal ataque y abuso a su expareja en Kennedy | CityTv","2025-04-29T12:46:10Z"
"HNlBZp_Bk7Q","La ricostruzione del femminicidio di Giulia Cecchettin - Generazione Z del 09/05/2024","2024-05-10T10:05:57Z"
"56OUk9aA9s0","Asesinos de la ni√±a F√°tima Cecilia son declarados culpables","2025-04-25T03:15:00Z"
"y17j6PTDTYY","Femminicidio: Una Nuova Legge, Vecchi Problemi? Analisi Critica del Reato","2025-03-10T19:31:21Z"
"w719nAPolcE","Feminicidio en Bogot√°: polic√≠a mat√≥ a su expareja y luego se suicid√≥ |¬†El Tiempo","2025-04-23T13:49:12Z"
"aup--cXrMNM","MP-SP denuncia Maicol Santos √† Justi√ßa pelo assassinato da adolescente Vit√≥ria #Shorts #JR24H","2025-04-30T01:33:32Z"
"ruYKQtcvRsM","Nordio &quot;Femminicidio fattispecie autonoma, un risultato epocale&quot;","2025-03-07T19:42:53Z"
"ibTxCWLoCNc","Homenaje a v√≠ctima de feminicidio en Ciudad Bol√≠var, Bogot√° |¬†El Tiempo","2025-04-24T13:20:57Z"
"i6fMTnWXDXs","Consiglio ministri approva Ddl, femminicidio aggravante che comporta ergastolo","2025-03-07T18:26:49Z"
"hj6iJtdbUlw","L&#39;omicidio di Sara: Argentino ha agito con crudelt√† - Storie italiane 04/04/2025","2025-04-04T10:32:03Z"
"cZmmUX1I8xg","Proposte di modifica della Legge sul Femminicidio","2016-06-13T16:26:50Z"
"HgxNNQeGiYE","FEMMINICIDIO DI GIULIA RIGON: IN UDIENZA CONFERMATO CHE LA 31ENNE MORI&#39;  PER LE PERC... | 07/04/2023","2023-04-07T17:36:53Z"
"jgGge-s7vwM","Femminicidio a Pesaro - Storie italiane 09/09/2024","2024-09-09T12:42:13Z"
"ywAXVfEF_P8","Un altro femminicidio. Pro Pal espulsi. ¬´Pena di morte per Mangione¬ª","2025-04-03T09:24:05Z"
"bIsXn3qCG64","#Femminicidio, #mascolinit√† e #psicopatologia","2023-10-03T16:30:07Z"
"mEvd2IOSfvQ","La Otra Cara de la Moneda: Aterrador feminicidio en Bogot√° cometido por miembro de la Polic√≠a","2025-04-25T01:00:06Z"
"pLTQVrut5oQ","Gli aggiornamenti sul giallo di Rimini, sul femminicidio di Seriate e sull&#39;omicidio di Gualdo Tadino","2025-01-07T10:14:27Z"
"9ZKIPy8vGh4","Conversazioni etiche: Il FEMMINICIDIO","2022-02-22T16:10:43Z"
"Mj7fyRi4isU","MARYNA - Stop al Femminicidio","2016-06-10T16:02:19Z"
"hG8UnmpNtqY","Bernini &quot;Il provvedimento sul reato di femminicidio un segnale forte&quot;","2025-03-07T19:52:13Z"
"jHMcL3WTzwA","Sara uccisa, in un video il momento dell&#39;aggressione - La Vita in diretta 02/04/2025","2025-04-02T18:57:50Z"
"4QMM5nBMHm0","Femminicidio Maiorano, confermato ergastolo per El Ghaddassi","2025-04-02T16:42:57Z"
"ZTNvv9hpZ9U","Feminicidio en Ciudad Bol√≠var enluta a la comunidad y exige justicia | CityTv","2025-04-24T13:56:48Z"
"pRo72T7UZCo","Femminicidio Giulia Tramontano, la lettura della sentenza. Ergastolo per Impagnatiello","2024-11-25T17:00:52Z"
"LzPABx8L2Mg","Femminicidi - adesso basta! üò°#femminicidio #violenzasulledonne #nothingsnew","2023-11-29T12:48:50Z"
"ncG6ytKRNh8","Femminicidio Ilaria Sula, Polimeni: &quot;Ancora tanti semi di cultura patriarcale&quot;","2025-04-02T19:02:08Z"
"bqvnQiJWYcY","Un Altro Femminicidio‚Ä¶ Di Chi √® La Colpa?","2025-04-07T17:27:24Z"
"uL06CGDKkrU","Novit√† sul femminicidio della studentessa Sara Campanella","2025-04-02T08:52:12Z"
"8pgXkgBfcS8","Femminicidio a Spoleto, Romita portato in carcere: Papadia √® stata strangolata","2025-03-28T10:35:38Z"
"vo7jUAiXLFo","8 marzo, le voci dal corteo di Roma: &quot;Ddl femminicidio? Propaganda, vera cura √® educazione&quot;","2025-03-08T10:55:16Z"
"xELr6DppfKo","Doppio femminicidio a Modena. Sentenza choc: &quot;Motivi umanamente comprensibili&quot;","2025-01-13T18:18:24Z"
"dbp4VD5uNcI","Samarate  - Femminicidio, il sindaco: &quot;Tragedia assurda&quot;","2025-04-16T20:26:41Z"
"1xB1Hq0rHXs","Femminicidio Ilaria Sula, Rosanna Banfi: &quot;Stringe il cuore a pensare che una vita vale cos√¨ poco&quot;","2025-04-02T18:09:57Z"
"R1-fzRKZ3CY","Samarate, uccide la ex moglie e scrive &quot;Ho fatto quello che dovevo&quot; - La vita in diretta 17/04/2025","2025-04-17T16:20:52Z"
"bYpojmTysOM","Combattere il #femminicidio : Leggi, dati e strumenti per prevenire la violenza","2024-03-25T22:50:54Z"
"vCcNXrf8I0k","Ligan a esposo de Sandra Dom√≠nguez con el narcotr√°fico tras su muerte","2025-04-29T19:54:12Z"
"MVmYyrLK-W0","Femminicidio, la lettera della madre al figlio","2025-02-19T14:10:21Z"
"V3Hp-aT7qkM","Joven termina asesinada por su primo acosador: La habr√≠a ahorcado tras haber sido rechazado","2025-04-28T03:52:33Z"
"KlgJ7giMfv4","Femminicidio Sara Campanella, il 27enne Stefano Argentino confessa","2025-04-02T16:45:06Z"
"jZMocXJlhzs","UN DATO per capire il femminicidio in Italia","2019-11-25T19:30:36Z"
"INuy5dmTvxE","ERIKA IANNUZZO | Campagna #sempre8marzo #siamoquixrestare #femminicidio #panchinarossa","2024-03-04T16:30:59Z"
"0QkSI_936yA","ELE MATOU M√ÉE E FILHA E TIROU A PR√ìPRIA VIDA - 10 FEMINIC√çDIOS NO RS NA P√ÅSCOA - CRIME E AS MULHERES","2025-04-29T18:51:15Z"
"ygAZr80sCEI","üü£ Confirman la sentencia de ‚ÄòFofo‚Äô M√°rquez y no saldr√° pronto de prisi√≥n","2025-05-01T22:44:24Z"
"8bTVmQMLGWw","Castignano - Femminicidio di Ripaberarda, il sindaco: &quot;Il mio pensiero va ai figli&quot;","2024-12-19T14:32:07Z"
"RhMlBGvtL_o","non √® cambiato niente #rapitaliano #frasi #femminicidio #donna","2025-04-05T17:34:55Z"
"R1eUx7l1YYw","MADRE DE KEISHLA RODR√çGUEZ VISITA A SU HIJA A 4 A√ëOS DE SU MUERTE Y HABLA ANTE NUESTRAS C√ÅMARAS.","2025-04-29T23:11:06Z"
"9HihT5sicNU","PM impede feminicidio ap√≥s mulher gritar por socorro em matagal no DF","2025-04-29T18:17:08Z"
"8mfm4D9R5eo","Asesinan a Hana Ali, regidora de turismo y exreina de belleza en Oaxaca | Noticias con Crystal","2025-04-25T20:41:47Z"
"CVmvELQ_-zs","I diritti delle donne e il femminicidio","2022-01-10T11:10:46Z"
"QQN6LNZaIVI","FEMMINICIDIO SAN SEVERO, IL DOLORE DELLA FIGLIA","2024-10-22T17:44:29Z"
"ICYPiy4FVeo","Reato di Femminicidio, NonUnaDiMeno vs. ArciLesbica, Checco Zalone, Musk e Il reddito femminista","2025-03-13T11:00:22Z"
"cPVJEP1Jxuk","Femminicidio di Sara Campanella, fedeli in fila alla camera ardente a Misilmeri (Palermo)","2025-04-06T11:54:27Z"
"J4hKQ2ilUxw","Travaglio sul patriarcato #ilcapitale #femminicidio #patriarcato #travaglio #marcotravaglio","2023-11-30T08:59:20Z"
"25d0ZCckHu0","¬°Con LLANTO, hija de Dulce, asegura recibi√≥ 4MEN4Z4S DE MU3RT3 por parte de Francisco N! | DPM","2025-04-28T21:49:01Z"
"IOOncc82jxo","Il mio intervento a La vita in diretta sul femminicidio di Ana Cristina Duarte","2024-09-10T11:17:20Z"
"FH3mp_8nVGc","Femminicidio Mariotto: Lucia Chiapperini colpita 20 volte con delle forbici dal marito","2025-04-19T12:07:19Z"
"taSNoE6QcY8","Femminicidio Iris Setti, il momento della sentenza","2025-03-06T16:03:00Z"
"Dl4cvUmsbXg","Mor√¨ in un dirupo a Ischia, svolta nelle indagini: fu un femminicidio - Storie italiane 17/04/2025","2025-04-17T11:55:18Z"
"zP3SGGTJ3vU","Marco Travaglio e Vasco Rossi parlano di Femminicidio","2023-11-26T07:02:36Z"
"LwmdpJ7J_Xc","Perch√© si arriva al #femminicidio? #enricoruggeri a #fuoricorsopodcast.","2025-04-19T19:16:26Z"
"RkpEqqnhSW8","Detienen a Damon Royce, presunto feminicida de Linda Louis Johnston en Yucat√°n | Crystal Mendivil","2025-04-25T20:52:58Z"
"LnuvJvuTnXw","19 APRILE 2025 - MARIOTTO (BA:) FEMMINICIDIO, IL MOVENTE TRA GELOSIA ED EREDITA&#39;","2025-04-19T09:59:59Z"
"OMd_nflkipI","Femminicidio Sara Campanella, l&#39;assassino aiutato dalla madre","2025-04-03T12:34:52Z"
"GdUkN5EbdeQ","Dolor en Sons√≥n: Honras f√∫nebres de Jhesica Quintero, la joven antioque√±a asesinada en Cartagena","2025-04-22T22:15:01Z"
"GpBgmprVZmg","Femminicidio Cecchettin: stretta di mano tra padre di Giulia e avvocato di Turetta dopo le polemiche","2024-12-03T13:18:03Z"
"ju3AsUpMtc4","Duplice femminicidio di Cisterna di Latina - Storie italiane 26/11/2024","2024-11-26T11:20:18Z"
"3OSHfO8vKb0","Gino Cecchettin a un anno dal femminicidio di Giulia: &quot;Sono riuscito a non odiare Turetta&quot;","2024-11-11T14:45:51Z"
"hKOMLqkx5Lo","&quot;Il reato di femminicidio √® un passo avanti ma non basta&quot;. Intervista alla sorella di Elisa Amato","2025-03-08T16:51:19Z"
"4jgNx3t_SM8","Video del momento exacto en que un polic√≠a atenta contra su expareja y se quita la vida | CityTv","2025-04-24T00:03:29Z"
"wmMFErJrDZ8","Strategie per Prevenzione e Risoluzione #femminicidio #stopviolenza #violenzadigenere #dirittiumani","2024-03-26T17:00:45Z"
"Bxi7ufTnzcw","Mor√¨ in un dirupo a Ischia, per il Pm fu un femminicidio","2025-04-16T10:58:30Z"
"JvmWTJE5AAQ","Femminicidio di Alice Neri: &quot;Perch√© tanta cattiveria su mia figlia?&quot;","2023-07-31T16:02:44Z"
"fLyizOKRh5Y","Maicol Sales √© denunciado pelo MP pelo assassinato da jovem Vit√≥ria Regina #HojeEmDia #Shorts","2025-04-30T14:24:11Z"
"jKXSYT4LIwU","Romina Mircoli, hija de Dulce, denuncia amenazas de muerte; &quot;ya no puedo m√°s&quot;","2025-04-29T02:30:37Z"
"-Xo0G8hOnBQ","Ayollar uchun eng xavfli joy bu ko&#39;cha emas o&#39;z uylari hisoblanar ekan","2025-05-01T06:11:59Z"
"r3dGVUpjtXE","Femminicidio Giulia Tramontano, la sentenza per Impagnatiello","2024-11-25T12:20:15Z"
"OiscchmOoo4","Femminicidio una strage che uccide la dignit√† ,la speranza ,Accademia della storia David Gramiccioli","2025-04-10T17:07:45Z"
"XWsGuEE_vzQ","Femminicidio a Spoleto, polizia sul luogo della tragedia","2025-03-26T12:34:40Z"
"m57Q6Cw4zjo","A prisi√≥n hombre se√±alado de golpear brutalmente a su pareja en Soacha | CityTv","2025-04-26T02:22:26Z"
"uyVZ9JIlKAU","Caso Vit√≥ria: MP-SP apura se suspeito de assassinato teve ajuda para ocultar corpo | CNN ARENA","2025-04-29T21:46:56Z"
"9ZzrDnCYtLE","Femminicidio Giulia Tramontano, ergastolo a Impagnatiello - FarWest 29/11/2024","2024-12-03T09:00:08Z"
"dnlyA8CdRQU","LA TOSSE GRASSA - 06 - Femminicidio [da &quot;TG5&quot;, autoprod. 2015]","2015-09-28T16:00:18Z"
"cW8mJGlS0YA","Perch√© si deve parlare di #femminicidio, sempre ovunque e comunque #giuliatramontano","2023-06-01T15:04:52Z"
"eOChcnoxVRY","Messina - Femminicidio Messina, il gip: &quot;La madre voleva aiutare il figlio a scappare&quot;","2025-04-03T10:11:29Z"
"acUN09LkUzI","Geralmente tem viol√™ncia anterior antes de acontecer o Feminic√≠dio","2025-05-01T00:33:08Z"
"FQrQowdMYfs","Femminicidio Sara Campanella, oggi l&#39;autopsia","2025-04-04T16:53:13Z"
"71imLYAxnNM","Messina, studenti chiedono educazione sessuale e affettiva dopo il femminicidio di Sara Campanella","2025-04-02T15:52:51Z"
"E-vugJiVntw","Il DDL contro il Femminicidio (scritto cos√¨) √® RACCAPRICCIANTE!","2025-03-08T14:12:12Z"
"nD5US5ryook","Allarme sociale femminicidio  - Storie italiane - 23/11/2023","2023-11-23T12:47:10Z"
"DaNXMs7vDT8","Sentenza femminicidio Saman Abbas, il pm Cascone: &quot;Ristabilisce la verita&#39; dei fatti&quot;","2025-04-19T08:22:14Z"
"K3e649FKdSs","Femminicidi, finalmente una buona notizia.  #donne #violenzasulledonne  #femminicidio #violenza","2024-01-16T20:53:00Z"
"iYMtBEu9o7g","Michela Murgia il perch√© del femminicidio","2025-03-10T13:56:50Z"
"eDKFBgj_JCQ","Detenido hombre acusado del feminicidio de j√≥venes de etnia Tzotzil - Las Noticias","2025-04-22T18:56:29Z"
"u3TCruWhTaA","Narciso - Il femminicidio di Giulia Ballestri","2025-01-27T06:00:40Z"
"Fvzt_Yc_uY8","Femminicidio, un&#39;emergenza nazionale_Rai News 24","2024-07-08T13:55:18Z"
"Pf7sQidaShc","La storia del femminicidio di Clare Wood e la nascita del &quot;diritto di sapere&quot;","2024-08-01T11:00:22Z"
"j1j2ov5r4gw","Femminicidio Giulia Cecchettin, attesa la sentenza per Turetta","2024-12-03T11:42:26Z"
"_zXhPy-M_n8","Polic√≠a asesina a su expareja en Ciudad Bol√≠var: comunidad realiza velat√≥n | CityTv","2025-04-24T02:43:44Z"
"GcB_V_JVuwY","Femminicidio Spoleto, trovata morta in via Porta Fuga: le immagini sul luogo della tragedia","2025-03-26T11:50:11Z"
"7Aved4DnwGk","Femminicidio Scialdone, ergastolo per l&#39;ex. L&#39;avvocato: &quot;Invertire rotta sulla mentalita&#39;&quot;","2024-12-19T21:21:59Z"
"fziy9wX-aXQ","Il #maschicidio non esiste! #femminismo #femminicidio","2024-12-19T13:14:14Z"
"SYU5NU8XNJU","Femminicidio Ilaria Sula, le voci fra chi era all&#39;omaggio per la studentessa","2025-04-02T19:21:54Z"
"CDVSgQQfW4k","Marisa Leo √® l&#39;ennesima VITTIMA di FEMMINICIDIO","2023-09-08T09:49:34Z"
"2s50tpcCS3E","Patrullero de la Polic√≠a asesin√≥ a su pareja sentimental en un sal√≥n de belleza | Salud","2025-04-24T02:08:15Z"
"CiTfgfWe83c","Il femminicidio di Sara Campanella, folla per la camera ardente","2025-04-06T11:54:28Z"
"2Iez0lwgr8k","‚ÄúFue qu√≠mico y ASESINO SERIAL, me CONFES√ì lo que hac√≠a‚Äù Abogada Eren Trujillo | pepe&amp;chema podcast","2025-04-22T15:16:10Z"
"azKgaGEIT7k","Femminicidio Ilaria Sula: in centinaia al corteo di &#39;Non una di meno&#39; a Roma","2025-04-02T22:54:05Z"
"crm4KD0v9vI","#femminicidio  comincia con cose di apparente poco conto #femminicidio #violenzasulledonne #female","2022-09-13T10:55:19Z"
"r2V8ZvUVl24","Messina. Femminicidio di Sara. Il presunto assassino ascoltato dal gip","2025-04-02T12:01:19Z"
"jQxeCqivVW4","FEMMINICIDIO: le parole che ci rendono complici","2021-11-27T13:00:18Z"
"B-Ddgfw3TH4","Mulher foi morta a facadas pelo ex-companheiro enquanto segurava a filha no colo","2025-04-29T12:36:17Z"
"CVHETzNLmQg","&quot;Sara vive&quot;,  la manifestazione a Misilmeri","2025-04-30T05:12:31Z"
"PLr4QhHSbL0","Il nuovo reato di femminicidio, una norma di facciata","2025-03-12T10:53:51Z"
"51C43Z4mnXU","Palermo. Femminicidio di Sara. Chiesta la perizia psichiatrica per Argentino","2025-04-18T12:00:08Z"
"gznl-9Xe_44","Femminicidio Ilaria Sula, presidio transfemminista alla Sapienza: &quot;Mai pi√π vittime&quot;","2025-04-03T16:42:05Z"
"zkZbpFKYGw4","Sara Campanella: il Femminicidio di Messina + Andrea Sempio e l&#39;Incidente Probatorio | Notizie","2025-04-02T11:01:21Z"
"S7jORM6EBNs","Femminicidio Samarate, Ferrazzi: ¬´Se nella mente scatta qualcosa che non si pu√≤ comprendere...¬ª","2025-04-16T20:19:20Z"
"0_jTIj3Ung4","Femminicidio Alice Neri, l&#39;avvocato di Mohamed Gaaloul: &quot;Oggi √® stata un&#39;udienza utile&quot;","2025-04-30T21:43:53Z"
"Lg0ECyrz5mQ","TG Crime: Duplice Femminicidio a Cisterna di Latina + S*rage di Palermo | Notizie True Crime","2024-02-17T12:00:29Z"
"d4_IQ-zy1R4","9 aprile 2025 - Commissione Femminicidio - Audizione V√©rien","2025-04-15T13:34:57Z"
"S-suGTJNh8E","FEMMINICIDIO #RIPORAPOPS #femminicidio #violenzasulledonne #amorepossessivo #problemasociale","2024-07-17T07:21:38Z"
"SplnAVndVC4","STOP AL FEMMINICIDIO! üíî #stopalfemminicidio #cityrumors #manuelapetrangeli #femminicidio","2024-07-18T20:57:11Z"
"EWjItYzYXc4","Ex-companheiro √© suspeito de matar jovem em Barueri | T√° na Hora (25/04/25)","2025-04-25T23:23:36Z"
"gFsV-_-CK54","Femminicidio Ilaria Sula - il luogo del ritrovamento","2025-04-02T17:23:22Z"
"-_uKaJvShjo","Rechazan feminicidio en Bogot√°: Polic√≠a asesin√≥ a su expareja y se quit√≥ la vida. |¬†El Tiempo","2025-04-24T03:06:59Z"
"3n9oKI-56MA","La Protesta Contro il Femminicidio a Roma  #notizie #news #italia","2024-01-25T15:29:17Z"
"dhk6W5v3jbE","Femminicidio a Treviso:27 enne accoltellata e uccisa in casa. Killer in fuga. #femminicidio #cronaca","2023-12-19T16:45:53Z"
"TcIGjIml9Bk","Gino Cecchettin sulla morte della figlia #ilcapitale #femminicidio #ctcf #cecchettin #ginocecchettin","2023-12-11T16:39:56Z"
"POIptk8eA2s","Caso Vit√≥ria: MP denuncia Maicol por morte de jovem em Cajamar","2025-04-29T21:45:01Z"
"lzvGF_IwPLc","Femminicidio Ripaberarda, si scava nel passato di Massimo Malavolta","2024-12-27T17:50:02Z"
"nfpbuwyXTbw","Femminicidio Sara Campanella, la linea del nuovo legale di Argentino","2025-04-14T12:48:59Z"
"cQbooAr61wI","Iba a GRADUARSE y la ASESINAR0N en el camino arriba de la CAMIONETA | El caso de Vanessa Ruiz Guzman","2025-04-29T20:04:43Z"
"rOC0YmZa-WU","#shorts #podcast #sapere√®poterepodcast #femminicidio","2024-04-18T16:40:54Z"
"xeEN52c8h58","Femminicidio a Spoleto: marito confessa di aver strangolato la moglie","2025-03-27T11:46:37Z"
"Q0eE8aGWRcQ","Stop al femminicidioüë†‚ùå üë´üåπ‚ô•Ô∏è","2024-11-25T09:02:13Z"
"_BcVtOAOJ_k","#senato #legge #noallaviolenzasulledonne #femminicidio #violenza","2023-11-22T13:45:27Z"
"kzB2sCFW5II","#giuliacecchettin #filippoturetta #femminicidio #assasino #netanyahu #israele #palestina #gaza #dio","2023-12-05T08:59:37Z"
"gu0M_2PoSkQ","#femminicidio #noallaviolenzasulledonne #uomini #angeli #italia","2023-11-22T18:13:42Z"
"d_-M_0ZC1jo","NO AL FEMMINICIDIO.","2025-04-10T12:58:56Z"
"T86wYQKeA3E","Femminicidio Sara, il legale di Stefano chieder√† la perizia psichiatrica","2025-04-17T10:30:15Z"
"XzwJR060sHE","#giuliacecchettin #femminicidio #filippoturetta #noallaviolenzasulledonne","2023-12-01T20:53:47Z"
"Y8ueodljty0","üî¥Dan sntencia a &#39;Fofo&#39; M√°rquez: Pasar√° 17 a√±os en prisi√≥n por intento de feminicidio","2025-05-01T21:55:43Z"
"ALEP9iRbsXc","#femminicidio #cronacanera #cronacaitaliana","2024-01-20T00:13:56Z"
"95kXogKk_oM","#donne #noallaviolenzasulledonne #femminicidio #stranieri","2024-01-02T12:03:43Z"
"Wb-4NfxG7vM","‚ÄúN√´ Kosov√´ ka fe…±icid‚Äù/ Igballe Rogova: Gruja po shihet si objekt","2025-04-30T13:40:00Z"
"7-aPN9_YF8M","Guastalla: accoltella la ex in strada e tenta la fuga - La vita in diretta 03/12/2024","2024-12-03T19:32:26Z"
"DQh5qStrFzc","#femminicidio #noallaviolenzasulledonne #giuliacecchettin #notizie #italia","2023-11-21T10:24:29Z"
"uxv5Z1E8L_o","#noallaviolenzasulledonne #femminicidio #notizie #maschi #uomini #donne #femministe","2023-11-23T13:57:39Z"
"uhVfFi1NENU","Orfani di femminicidio, la testimonianza di Pasquale Guadagno: ¬´Invisibili agli occhi dello Stato¬ª","2023-12-02T16:40:21Z"
"mg4yoIDvAOg","La violenza non deve essere mai giustificata in nessun caso. #noviolenza #femminicidio #1522","2024-11-26T17:27:52Z"
"NFSgnp2YAhQ","#maschi #uomini #noallaviolenzasulledonne #femminicidio #giuliacecchettin","2023-11-23T09:03:21Z"
"ZgaeLoZYZ1k","#noallaviolenzasulledonne #femminicidio #feminicida","2023-11-28T19:23:04Z"
"dEAoddMyOk4","Femminicidio Roma, corteo a San Lorenzo per Ilaria Sula","2025-04-02T20:32:45Z"
"6kUpjocJCfE","#giuliacecchettin #partitodemocratico #pdnetwork #femminicidio #gender #scuola","2023-12-08T15:43:48Z"
"B6opxeM6U7I","Feminicidio: La Negligencia del Estado y la Sociedad","2025-04-22T04:00:44Z"
"wbsaf-6ovnU","#pamelamastropietro #femminicidio #noallaviolenzasulledonne","2023-11-27T18:01:23Z"
"0A4Jvs4OD18","#patriarcato #donne #noallaviolenzasulledonne #femminicidio #immigrazione #italia","2024-01-10T18:05:49Z"
"5gMWcM6FZzA","#giuliacecchettin #filippoturetta #femminicidio #scuola","2023-12-07T16:03:21Z"
"egxBTeFEjS8","#giuliacecchettin #funerali #mattarella #femminicidio","2023-12-02T21:18:48Z"
"Ljhtx3PJgpM","#femminicidio #noallaviolenzasulledonne #natale","2023-11-29T17:26:54Z"
"WA22L-Zddy4","Femminicidio Ilaria Sula, marea viola invade La Sapienza: &quot;Ci vogliamo vive&quot;","2025-04-03T14:33:56Z"
"DSWa0NQp-Tc","Arriva il reato di femminicidio?","2025-03-08T15:05:58Z"
"xTQTgibq50k","FGJCDMX va por servidores puÃÅblicos que filtraron datos del caso del feminicida de Iztacalco","2025-04-25T02:45:05Z"
"wOZ6_y88gek","Ennesimo Femminicidio a Costa Volpino.","2024-10-26T11:08:12Z"
"l-QyvjjL6tQ","#giuliacecchettin #funerali #irissetti #noallaviolenzasulledonne #femminicidio #direttatv","2023-12-05T16:10:37Z"
"lJQ6PIxCYw4","Cosa sta succedendo? #sara #ilaria #femminicidio","2025-04-04T10:11:33Z"
"KI8Ay68h4oE","Feminicidio en Callao: extranjera es asesinada por su pareja dentro de mercado","2025-04-28T12:01:09Z"
"YkOuqGgTsG0","#NiUnaMenos femminicidio in Argentina","2016-11-23T16:35:31Z"
"4VgtWibfSLc","Femminicidio Ilaria Sula, professore La Sapienza annulla la lezione","2025-04-02T14:01:53Z"
"UjyR_rHeiJE","#giuliacecchettin #funerali #mattarella #femminicidio","2023-12-04T12:01:05Z"
"6HaNcklBzvo","¬øQU√â PAS√ì CON RASHAB? NOVIO SE ENTREG√ì AL OIJ","2025-04-30T03:14:11Z"
"AZ92F2EM3-U","Modena, doppio femminicidio: la sentenza choc - Storie italiane 15/01/2025","2025-01-15T11:49:47Z"
"fyoThu6B4Vo","Violenza sulle donne: l&#39;Argentina vuole depenalizzare il femminicidio","2025-01-28T12:53:13Z"
"8gtt2ktpJeU","#patriarcato #giuliacecchettin #filippoturetta #noallaviolenzasulledonne #femminicidio","2023-11-21T20:14:30Z"
"9isbFfd950w","#giuliacecchettin #funerali #femminicidio #noallaviolenzasulledonne #donne #stranieri","2023-12-05T11:02:39Z"
"xaUqcMXCVyQ","#giuliacecchettin #funerali #filippoturetta #femminicidio #verona #carcere #notiziedelgiorno","2023-12-04T20:53:46Z"
"HdVAyvqp9-A","Giulia ennesima vittima di femminicidio","2023-06-01T12:27:21Z"
"4umyZKMGWQM","Secondo voi √® normale la reazione della madre?#podcast #talkwalkers #femminicidio #ilariasula","2025-04-22T18:55:00Z"
"cPJOiVrvfdg","Femminicidio Sara Campanella, folla e commozione ai funerali","2025-04-07T11:54:51Z"
"EzsuRNLWHw8","Femminicidio e vittimizzazione secondaria di Alice Neri: parla la mamma della giovane vittima","2023-07-26T10:47:59Z"
"QxuLHf4G6MQ","#uomini #nogender #giuliacecchettin #femminicidio","2023-11-20T14:42:31Z"
"xdMUWLApHcc","FEMMINICIDIO SARA CAMPANELLA: IL DOLORE DELLA MAMMA. &quot;ERI IL SOLE ORA SIAMO AL BUIO&quot;","2025-04-01T20:15:04Z"
"RVhiUSGMN88","#femminicidio - De Siervo: &quot;La #giornata contro la #violenzasulledonne √® rafforzata&quot; #shorts","2023-11-21T14:01:50Z"
"sWRTwxya2lo","Femminicidio, uccisa la 42enne Carmela Quaranta, Sofia Stefani, il processo, Ilaria Sula, analisi","2025-04-29T06:43:10Z"
"5P0qB6ex-b8","Don Walter Insero: ‚ÄúFemminicidio, Dio dov‚Äô√®?‚Äù - BellaMa‚Äô 20/03/2025","2025-03-20T18:45:23Z"
"0HFy4Oa5Q_s","IL FEMMINICIDIO di GIULIA TRAMONTANO e la PSICOLOGIA di IMPAGNATIELLO | Tutta la Storia","2024-12-09T12:00:02Z"
"jqOhqhxgeVg","Femminicidio Martina Scialdone, comincia il processo. #femminicidio #cronacanera #cronaca #news","2023-12-11T15:10:12Z"
"rNuiKj4NsI0","Polic√≠a activo asesin√≥ a bala a su pareja en la localidad de Ciudad Bolivar, Bogot√°","2025-04-23T17:12:37Z"
"LyHGM3eTZdI","DETENIDO POR FEMINICIDIO ES INTERNADO EN EL PENAL EN LA FRONTERA","2025-04-28T04:00:23Z"
"kF91had5IfM","FEMMINICIDIO A LONDRA #femminicidio #crime #crimestories #bunnynatasha #giallo","2024-03-12T16:16:49Z"
"ZSFPD0gMjPw","FU√â CAPTURADO EL RESPONSABLE DEL TRANSFEMINICIDIO DE SARA MILERREY","2025-05-01T22:03:26Z"
"Hl0-QyP8Q94","Femminicidio in Italia: una strage silenziosa","2025-04-12T07:55:36Z"
"QTS39cC5jxA","Quante Vittime di Femminicidio Dobbiamo Raggiungere per Dire che Abbiamo Fermato il Fenomeno?","2024-11-25T11:26:37Z"
"0Ik1-abP0vo","Femminicidio Ilaria Sula, marea viola invade La Sapienza: ‚ÄúCi vogliamo vive‚Äù #shorts","2025-04-03T17:31:50Z"
"977Yw_RpC4o","Avv  Antonio La Scala su violenza di genere e femminicidio","2025-03-15T09:56:44Z"
"BrsT3boeBM8","Virginia Meza, logr√≥ sobrevivir a intento de feminicidio y perdi√≥ la visi√≥n - EP37","2025-04-27T04:15:06Z"
"QkULQQfMOPM","Filippo Turetta potrebbe essere assolto. #giuliacecchettin #femminicidio #turetta #dirittopenale","2024-12-09T13:20:02Z"
"hxkmWKvpixg","Basta al femminicidio! #Roma #Femminicidio #youtubeshorts #news","2025-04-17T20:29:09Z"
"yG4IJ3NZaLU","Femminicidio: Due studentesse, 22 anni, morte","2025-04-03T11:02:28Z"
"CQPtUhZrNk8","www.siciliatv.org - Favara, femminicidio di Lorena Quaranta: il padre chiede giustizia","2024-11-04T09:24:42Z"
"o3YqyJTOmIU","Sara: Le sue ultime parole prima dell&#39;orrore! üíî #femminicidio","2025-04-02T12:26:06Z"
"j50AB5E-hAw","Ennesimo femminicidio #femminicidio #crime #truecrimestories","2025-04-02T15:40:50Z"
"_AARm8rmZgI","F√°tima  Voces contra la Violencia de G√©nero en M√©xico","2025-05-01T17:15:01Z"
"1aOYxY5Wz7Q","Ratifican la condena de 17 a√±os y 6 meses de prisi√≥n contra el #FofoM√°rquez","2025-05-02T05:09:15Z"
"k2bfjiaDNWU","Il femminicidio di Sara, le dichiarazioni dell‚Äôavvocato dopo l‚Äôinterrogatorio","2025-04-02T16:54:22Z"
"YCGBfULbUX8","Femminicidio Matteuzzi:l‚Äôex calciatore Padovani tenta ancora di togliersi la vita in carcere #shorts","2023-08-23T13:52:43Z"
"F_S2Bub-8Wg","FEMMINICIDIO A BITONTO, PENSIONATO UCCIDE LA MOGLIE POI CHIAMA I CARABINIERI: ‚ÄúVENITE‚Äù","2025-04-18T13:48:01Z"
"dKWn_xlEDkM","FUI EM UM PARQUE DE CAMA EL√ÅSTICAS E SA√ç QUEBRADO üò≠","2025-04-24T22:34:00Z"
"ljMErtrMXgk","Si chiama omicidio, non femminicidio","2025-04-17T12:01:30Z"
"xthwhec3iBo","Il suicidio della moglie era un femminicidio, lo incastra il disegno del figlio #news #femminicidio","2023-12-13T18:29:58Z"
"skyDuToOR0k","Hu DaT¬ø? - Femminicidio","2021-03-07T23:09:04Z"
"o1NntFPgSRI","Il nuovo reato di femminicidio? Un delitto contro la logica","2025-03-13T06:19:21Z"
"XqnucUETLfM","MICHELLE HUNZIKER ROMPE IL SILENZIO SU GIULIA TRAMONTANO #giuliatramontano #femminicidio #michelle","2023-06-03T12:06:49Z"
"5ACpqPKqmXQ","Femminicidio  Un atto estremo di violenza sociale #shorts","2024-10-30T18:30:08Z"
"vIF5K_cPS2E","#femminicidio #femministe #patriarcato #vanessaballan","2023-12-21T10:22:47Z"
"rif__vUhjqc","FIREWORKS AS MPs REACT ON BBC DOCUMENTARY AFTER THEY EXPOSED POLICE OFFICERS WHO KILLED GEN Z!","2025-04-29T12:51:31Z"
"Wl27-hIRgI4","#giuliacecchettin #ginocecchettin #patriarcato #femminicidio #noallaviolenzasulledonne","2023-12-11T10:20:59Z"
"uMSsA9FOmMI","Femminicidio di Samarate - il sindaco Alessandro Ferrazzi","2025-04-17T17:26:09Z"
"SIdFYOYzt6U","FEMMINICIDIO SARA CAMPANELLA: IL DOLORE DEL FIDANZATO. &quot;TI AMER√í PER SEMPRE, TE LHO PROMESSO&quot;","2025-04-01T15:57:55Z"
"tOF7SQQIpQA","Femminicidio  La vera battaglia per l&#39;uguaglianza #shorts","2024-10-30T12:15:05Z"
"cyea7uuJjxE","Altro femminicidio in Italia‚ö†Ô∏è #andria #femminicidio #shorts","2023-11-28T20:48:21Z"
"Qyabn3vaJMk","#patriarcato #antifascismo #chiaraferragni #femminicidio #noallaviolenzasulledonne #femministe #dior","2023-12-10T13:29:10Z"
"fgpYiyhUXzo","#relazionitossiche #femminicidio #violenzasulledonne #stop #üíî","2023-07-30T11:09:18Z"
"d7iNEbpKzro","#Feminicidio en Bogot√°: C√°mara de seguridad capta el momento en que un polic√≠a asesina a su expareja","2025-04-23T20:25:57Z"
"UIgMCxTccu0","Gabby Petito: influencer asesinada por su pareja","2025-05-02T07:00:34Z"
"50vEmYtPaco","¬°Vud√∫ real! Cient√≠fico de Harvard descubre los secretos de Hait√≠","2025-05-01T23:00:07Z"
"TLHalXpt3eM","Il futuro che non c‚Äô√® pi√π. #Femminicidio#ViolenzaSulleDonne#RicordoDoloroso#IlSaggioDaBar","2025-04-08T05:00:21Z"
"Tmel7HIjjxE","RICARDO VENTURA MANDA A REAL SOBRE O CASO MARIA DA PENHA | BUNKER PODCAST","2025-04-28T19:00:33Z"
"X4kLnkSl-To","¬°Psic√≥patas al descubierto! ¬øC√≥mo socializan (o no) en Fiestas?","2025-05-02T03:00:40Z"
"Zi7nWi9pTio","Ola violeta y el feminicidio emocional #podcastclips #vocessinfiltro #saludmental #emociones","2025-04-30T18:48:49Z"
"jBDYKNTDaKM","Proseguono le indagini sulla 30enne Dora Lagreca #cronacanera #cronaca #femminicidio","2024-01-24T21:14:05Z"
"MynMEcfXSCk","Giulia Cecchettin, laurea alla memoria in Ingegneria Biomedica. #cronaca #cronacanera #femminicidio","2023-12-12T20:47:51Z"
"oncaKkd-rCs","Le pegaron la CABEZA con PEGAMENTO para OCULTAR el CRlMEN - Documental en espa√±ol","2025-04-28T18:00:47Z"
"pVcX2AO84O8","femminicidio #femminicidio  #musica #canzoneitaliana #musicaitaliana #music #canzone #blues #canzoni","2024-01-21T20:28:17Z"
"pbd22EIuAFc","Ratifican sentencia de m√°s de 17 a√±os al Fofo M√°rquez.","2025-05-01T21:43:22Z"
"Rvre7xPa8T0","TG Crime: Il Femminicidio di Vanessa Ballan, ucc!sa dal suo Ex Amante Stalker | Notizie True Crime","2023-12-26T14:49:05Z"
"eWY7qg_s_7U","ATROZ!! polic√≠a ASESINA a su EXPAREJA y luego se SU1C1D4 en BOGOTA todo quedo REGISTRADO","2025-04-29T17:51:18Z"
"jq50nVccKo4","OFFLINE üë†‚ù§Ô∏è‚Äçü©π  #femminicidio #song #stopthewar","2025-04-11T16:18:33Z"
"KLdGWmfed7U","Spiegazione femminicidio","2020-11-25T14:55:49Z"
"FQS3s-3_4Kg","Anatomia di un delitto: Samson scrive ai pm, con Ilaria nella valigia si ferm√≤ dal tabaccaio","2025-04-29T16:10:58Z"
"6aKuEtejf8w","Femminicidio - OGNI MALEDETTO GIORNO","2024-06-10T19:00:52Z"
"iNzB9qFYttQ","Il femminicidio nell&#39;opera lirica","2024-12-05T09:59:42Z"
"yG1ItLTmybI","Breve riflessione sul reato di femminicidio #studiolegalegentile #avvocato #femminicidio","2025-03-31T12:38:20Z"
"rRBReJ1Z1RM","Turetta e i privilegi! #turetta #giuliacecchettin #donne #femminicidio #shorts","2023-12-05T09:56:53Z"
"JdST4HTF-is","Turetta e il garantismo! #turetta #filippoturetta #giuliacecchettin #funerali #shorts #femminicidio","2023-12-06T05:19:44Z"
"VoZlv91PUV4","Mariana Morf√≠n / Ya no quiero ser valiente #periodismo","2025-04-30T23:50:15Z"
"7lT-Su5eIhM","Femminicidio #femminicidio#cronaca#cronacaitalia#stopviolenzasulledonne","2025-04-04T09:16:12Z"
"WMKJmFRuysc","Reato di &quot;Femminicidio&quot; - il commento di un avvocato penalista.","2025-04-25T07:50:45Z"
"N_0iSFaAbKM","Il padre di Giulia da ammirare! #giuliacecchettin #filippoturetta #femminicidio #shorts","2023-12-07T06:34:43Z"
"Af22r0F1gTg","PARECIA o CASAL PERFEITO at√© que ALGO TERR√çVEL ACONTECEU","2025-04-27T16:00:06Z"
"bHJjaGtmGig","V√≠ctimas Colaterales  Ni√±os Exigen Ser Escuchados en el Senado","2025-05-01T11:30:26Z"
"89iUZtksBwM","FEMINICIDIO EM OLINDA PERNAMBUCO üö® EMERSON FREITAS","2025-04-29T23:45:06Z"
"6h4OpB01X7M","Femminicidio e morti bianche #femminicidio #emergenza #capitalismo","2024-11-17T11:04:14Z"
"5Qyf3dAGleE","Mostri non si nasce. Mostri si diventa Vi spiego perch√©.  #femminicidio #prevenzione","2025-04-07T17:01:09Z"
"sYU2VjAwvUw","Diana De Marchi #partitodemocratico sul protocollo in prefettura per orfani vittime femminicidio","2024-11-25T17:40:37Z"
"TbilkZDfQr0","Sara...Messina...Donna, nuova vittima (FEMMINICIDIO) #donna #femminicidio #girl #vittima #news #fyp","2025-04-02T17:38:53Z"
"_XCf8Pz1LFw","Femminicidio Scialdone, giunge la sentenza","2024-12-20T09:02:42Z"
"pzoTb2ntE70","Il patriarcato! #femminicidio #scarpedonna #patriarcato #shorts","2023-12-04T08:21:43Z"
"VTwtPF3-S3Q","Lidiando con el acoso y los comentarios sobre el cuerpo. Elizabeth C. Bornio. Bestia","2025-05-01T11:00:43Z"
"U0WxC-t44nE","Vanessa e i vari stalker! #stalking #femminicidio #vanessa #vanessaballan #shorts #cronaca","2023-12-24T08:23:54Z"
"2N3NvSvcyrI","‚ÄúIn un femminicidio non c‚Äô√® amore‚Äù #unsaltoda #lucamazzucchelli #femminicidio #crime #podcastclips","2025-02-28T19:02:43Z"
"VqbRx7s6ti4","FEMMINICIDIO DI VIA JOPPI: INCREDULITA&#39; E DOLORE | 17/04/2025","2025-04-18T02:32:24Z"
"GV4ZX7ZiMUU","eeeee salve! #impagnatiello #giuliacecchettin #giuliatramontano #femminicidio #nuzzi #quartogrado","2024-01-19T20:54:40Z"
"QdcvYznUYNg","Problemas con el alcohol y manejo temerario. Elizabeth C. Bornio. Bestia","2025-04-30T11:00:53Z"
"F5fPXyGYG1Y","Exige diputada claridad y resultados en plan de seguridad  #elvigia #ensenadamexico","2025-04-29T17:04:34Z"
"N9zsaJnzJu8","Il vero significato di FEMMINICIDIO | Riflessione scomoda","2025-04-17T16:22:13Z"
"NdikYkPwbQ4","Altro #femminicidio fermato un minorenne #news #shorts","2024-09-27T11:53:54Z"
"spACJ7AAFFQ","stop al femminicidio üò≠üò°","2023-12-05T19:18:03Z"
"7PVQ6ddcs9I","Superando una obsesioÃÅn, no el amor. Elizabeth C. Bornio. Bestia","2025-04-29T11:00:22Z"
"mxaHRrzQQGY","Femminicidio a Samarate nel Varesotto @alessandro.corbelli @Shorts @news","2025-04-17T07:51:37Z"
"Eb1L-vl4Bqg","Morti di serie A e morti di serie B. #femminicidio","2023-12-06T11:50:48Z"
"uc_ZNX6mJRs","Sara uccisa in strada a Messina, pedinata e poi accoltellata. Ennesimo femminicidio.","2025-04-01T17:23:18Z"
"qgzsfCMsp6U","MULHER √â MORTA PELO COMPANHEIRO A M√ÉE FLAGROU  ASSASSINATO","2025-05-01T00:05:00Z"
"d6uPClOmWws","#giuliacecchettin #italy #femminicidio #donne #uomini #shorts","2023-12-06T16:21:43Z"
"-B4cFz3f-30","Mariana Morf√≠n / Ya no quiero ser valiente","2025-04-30T23:48:47Z"
"Wz22LH_4OHU","Chi ha ucciso Antonella Di Veroli? #femminicidio","2023-08-16T06:00:20Z"
"ZwbUYD8ucxA","L&#39;assassinio di Chiara Poggi √® stato un femminicidio?","2025-04-16T06:26:56Z"
"-mDSeaVxEYI","DIEGO FUSARO: La narrativa del femminicidio √® costruita in maniera sbagliata. Ecco perch√©","2024-12-04T15:25:00Z"
"qOsECpqqBC8","NUOVA LEGGE Contro il FEMMINICIDIO in BRASILE: Un PASSO STORICO! üáßüá∑ #brasile","2024-10-31T07:23:38Z"
"sIPIL4E7mU8","Il femminicidio di Dominique Dunne: La verit√† nascosta#Femminicidio#DominiqueDunne#CriminiReali","2024-10-17T09:38:37Z"
"05LY_WnYSiI","Femminicidio - Feminicide - Action for women - di B. Atzori, P. Lipari, S. Orlandi, S. Polito","2010-01-13T14:38:38Z"
"GLGrW_YTdc4","GIULIA ‚ù§ #stopviolence #noviolenzasulledonne #femminicidio #omicidi","2023-11-25T21:36:34Z"
"fIUqF9g1XWM","25 novembre 2022 #violenzasulledonne#femminicidio#violenceagainstwomen#ToGetHerSafeü§ç","2022-11-26T13:49:41Z"
"5haIn2JdGlc","NON CHIAMATELA INESPERIENZA. √à FEMMINICIDIO. #femminicidio #morte #turetta #viralvideos","2025-04-10T19:09:45Z"
"HxpBajY50rs","Femminicidio a Rufina: una tragedia che scuote la comunit√†","2025-02-08T15:40:12Z"
"3_DX3lHqnHU","‚ÄúEl feminicidio de Carla Guti√©rrez: traici√≥n y asesinato familiar‚Äù","2025-05-02T00:35:57Z"
"Jpf_83GLwcE","TRAGEDIAü•∫üòû#justicia #Sof√≠aDelgado #feminicidio #protecci√≥nInfantil #Candelaria #shortvideo #parati","2025-04-23T06:09:42Z"
"S3vK6hSEfzo","Observa Auditor√≠a da√±o por 14.5 millones de pesos en contrato de patrullas en Ahome","2025-04-29T21:06:53Z"
"9jk0L_yssvU","Femminicidio Ilaria Sula, Valentina Pitzalis: ‚ÄúBasta voltarsi dall‚Äôaltra parte‚Äù","2025-04-02T18:14:00Z"
"DoOx8cGAI_c","Feminicidio en MiamiExnovio mat√≥ a Mar√≠a Camila Garc√≠a. Su hija de 3 a√±os fue testigo del crimen.","2025-04-29T15:35:33Z"
"HrF1mvzRaPA","El Incendio que Ocultaba un Feminicidio: El Caso de Jenny Sandoval y sus Hijos | Chile","2025-04-25T20:00:11Z"
"OupdGBS9QaQ","Prevenire il femminicidio.","2024-12-05T20:48:54Z"
"rzJrbnak3PU","Confirman Sentencia Vs Fofo Marquez","2025-05-01T19:09:07Z"
"2h9X4u9-2uU","Strage familiare Nuoro. #strage #omicidio#lasciatoindietro #femminicidio #letture #libri #leggere","2024-09-25T13:49:26Z"
"9aFnD0JBED0","Impatto della cultura sul femminicidio,una riflessione necessaria","2023-12-17T15:01:33Z"
"okGl6vydLwk","#patriarcato #islam #donne #noallaviolenzasulledonne #femminicidio #sinistra","2023-12-05T13:44:57Z"
"cA2mMwPWQK8","Mujeres el problema de feminicidio","2025-04-30T14:08:23Z"
"3VykLjOxjnw","#femminicidio","2025-04-23T17:54:27Z"
"ponYsMdiR6s","Il Caso Marta Ohryzko: Femminicidio ad Ischia - Indagini e Verit√† Sconvolgenti #ischia #dolore","2025-04-17T16:46:22Z"
"qSZ5VjFOYks","Il Sindaco Colangelo: &quot;Una #fiaccolata per #Celeste a #SanSevero &quot; #StopFemminicidi  #Femminicidio üíî","2024-10-18T19:31:34Z"
"sgnGB9D9V9M","LUCI E OMBRE DELLA LEGGE SUL FEMMINICIDIO CON L&#39;AVV. DI PALO ‚ñ∑ &quot;ECCO PERCH√â NON RISOLVE IL PROBLEMA&quot;","2025-03-16T08:00:52Z"
"1QSTJM5Xq7A","ENNESIMO FEMMINICIDIO | Uccide ex moglie a coltellate DAVANTI AI FIGLI: era agli ARRESTI DOMICILIARI","2024-09-24T12:12:18Z"
"gIRywJo9enU","Femminicidio: colpa loro o nostra? La risposta che fa male","2025-04-20T08:30:20Z"
"nALZsuMwdNg","femminicidio #crime #educazionesentimentale #femminicidi #scuola #torino #violenzadigenere","2023-10-17T04:56:18Z"
"Mvca1F4tkw8","Episodio Podcast #1 Femminicidio, bisogna insegnare l‚Äôamore ai bambini?","2025-04-05T17:51:11Z"
"8my6L8N0LIk","#giornatamondialecontrolaviolenzasulledonne#  #stopviolencenow #femminicidio #noalsilenzio #donne","2023-11-25T19:16:43Z"
"XV5FnbkPRp0","CHI √à STEFANO ARGENTINO, IL 27ENNE ACCUSATO DEL FEMMINICIDIO DI SARA CAMPANELLA: ‚ÄúINVAGHITO DI LEI‚Äù","2025-04-01T10:44:21Z"
"h8YSxVo5abM","Bastano pochi gesti con la mano per chiedere aiuto #Femminicidio #losapevamotutte  #25novembre","2023-11-24T21:09:45Z"
"zp3FrD9mlrQ","Convegno Femminicidio e Violenza di Genere 9 11 2024","2024-11-12T18:06:51Z"
"surScbyE4dc","LIVE Femminicidio di Sara Campanella, la camera ardente a Misilmeri (Palermo): diretta video","2025-04-06T10:51:45Z"
"qPWRi6KRA14","LA NUOVA LEGGE SUL FEMMINICIDIO: LEGGE GIUSTA O INCOSTITUZIONALE? [#1376.1]","2025-03-22T13:01:13Z"
"dkkTWMkVaLY","Giustizia per Ilaria e per tutte le vittime di femminicidio! üïäÔ∏è‚ù§Ô∏è‚Äçü©π","2025-04-02T12:09:44Z"
"spaSbSDOgMs","Aprile 2025, Tele One, Stalking e femminicidio, Rubrica &quot;Lo psicologo risponde&quot;, quarta puntata.","2025-04-15T20:18:21Z"
"vh28FbQ5CKU","Omicidio di Giulia Cecchettin, Filippo Turetta #arrestato in #germania #femminicidio #shorts","2023-11-19T14:29:14Z"
"cfjpX_Dfwtg","Strage di Cisterna di Latina: ieri 22 febbraio i funerali #cronacanera #femminicidio #cronacanews","2024-02-23T14:17:53Z"
"tu4NzSpynjU","FEMMINICIDIO VIA JOPPI: FIORI E MESSAGGI PER SAMIA SOTTO IL PALAZZO. MARTEDI&#39; LE AUT... | 24/04/2025","2025-04-24T22:21:10Z"
"92YE28TuFvE","#femminicidio #noallaviolenzasulledonne #follow #fyp„Ç∑ #virales #funny #cronacanera","2024-01-23T17:45:29Z"
"jDcXSq53FFs","Paola Volpato |  Femminicidio | 2015 - 2022","2022-11-21T23:15:26Z"
"QQOiSa6iFmM","True Crime in 50 sec: uccisa a padellate e congelata #femminicidio","2024-02-27T01:04:17Z"
"mescpWntZBo","Femminicidio di Bitonto ripreso dalle telecamere in casa: insultata e colpita 20 volte con forbici","2025-04-20T10:29:42Z"
"GEl_G_Fd9AE","Ergastolo x il femminicidio di Martina Scialdone  #shortvideo #news #viralvideo #perte #tv #short","2024-12-20T15:40:21Z"
"nYUy9HR5SqM","ERGASTOLO A TURETTA PER FEMMINICIDIO CECCHETTIN | ESCLUSE AGGRAVANTI STALKING E CRUDELT√Ä","2024-12-03T15:39:45Z"
"3naa7RGRy-8","Femminicidio a Ciudad Ju√°rez  Un&#39;epidemia  #curiosit√† #curiosit√† #bandiera #crime","2025-04-23T16:30:04Z"
"cUN7REqi8gU","Me DEFEND√ç de mi VIOLADOR y termin√© en la C√ÅRCEL | EL SISTEMA PODCAST","2025-04-24T02:00:40Z"
"Y3tArawEat0","FEMMINICIDIO. RIPRESO IN CASA. UOMO UCCIDE A FORBICIATE LA MOGLIE","2025-04-20T12:43:36Z"
"xtQLNS3HZJU","üéôÔ∏è Raffaele Morelli ci offre una riflessione importante sul femminicidio","2024-09-25T11:45:16Z"
"I_0Zyv3mRnY","Femminicidio, i ragazzi e le ragazze de La Sapienza ci parlano delle loro esperienze e paure","2025-04-03T14:20:52Z"
"la_-UbTpPdA","Immagini shock dall‚ÄôUniversit√† la #Sapienza di #Roma #Manifestazione #Femminicidio #Violenza #Ilaria","2025-04-04T19:33:06Z"
"uUIIw3BRoLI","Femminicidio in Italia  La Cruda Verit√† 2025","2025-04-11T20:07:36Z"
"lOr_ZGzDI3Q","#femminicidio #femministe #noallaviolenzasulledonne #patriarcato #maschio #bianco","2023-11-28T19:50:41Z"
"8ud18UT-qf4","Cristiano Malgioglio : no al femminicidio / ultimo dell&#39;anno capodanno 2025","2025-02-12T03:57:10Z"
"IatuMKlVbeY","FEMINICIDIO EN EL PERU, UNA CRISIS SOCIAL Y ESTRUCTURAL QUE REQUIERE UNA RESPUESTA URGENTE Y EFICAZ","2025-04-21T04:42:12Z"
"c6_daZeIw3Q","Modica: ‚ÄúNon un minuto di silenzio‚Äù per le vittime di femminicidio","2025-05-01T08:06:15Z"
"jZBfQbsX4uw","Donna trovata morta a Spoleto: sospetto femminicidio. #notizia #news #viral557 ¬ø","2025-03-26T13:07:09Z"
"RTSqIaMHTM8","Giulia, scusami davvero tanto. ‚ù§Ô∏è‚Äçüî• #giuliacecchettin #femminicidio #femminicidiostop","2023-11-20T12:06:53Z"
"T5sPSgNXSr4","Perch√© esiste il femminicidio? La riflessione di Raffaele Morelli","2025-03-17T20:47:22Z"
"nrz1giK_WOw","&quot;Una preghiera per i bambini orfani di femminicidio, Vittime innocenti di questa assurda violenza!&quot;","2024-11-25T14:44:56Z"
"5R28oMCHxgQ","#il maschilismo √® il problema del femminicidio","2025-04-23T18:12:43Z"
"_2aKJYac1o8","Le parole inaccettabili di Nordio dopo l&#39;ennesimo femminicidio in Italia.","2025-04-11T09:11:35Z"
"lC9d_dTWrcU","#denuncia #maicol #suspeito #matar #vit√≥ria #pelos #crimes #sequestro #feminic√≠dio #shorts","2025-04-29T19:07:58Z"
"6gpA1s7WnzY","Femminicidio Messina, la solita Sicilia. In meridione √® facile morire. #satira #comico #podcast","2025-04-06T00:32:09Z"
"m1Ku-otCBIs","Feminic√≠dio 2024: Entenda a Lei e Suas #vidapolicial #podcast #policiafederal","2025-04-30T02:38:24Z"
"h8x6cZoJEhc","Me Atacan Las Mismas Mujeres","2025-05-02T01:00:39Z"
"m-oa3Zmvod8","üü¢ FEMMINICIDIO A SAMARATE: TERESA STABILE UCCISA A COLTELLATE DAVANTI CASA","2025-04-18T09:01:15Z"
"wXqsMqzMPbc","DDL &quot;FEMMINICIDIO&quot;. IL GOVERNO PIEGA IL DIRITTO ALL&#39;IDEOLOGIA.","2025-03-21T08:57:16Z"
"bPUmtCuqzFc","TERESANNA PUGLIESE dice la sua sull&#39;ennesimo caso di femminicidio....","2025-04-04T08:06:18Z"
"i6P_gPz4-KQ","BASTA VIOLENZA #viralvideo #violenzasulledonne #amore #amoretossico #femminicidio","2025-04-07T07:23:50Z"
"dy5HF8Z1-4I","Feminic√≠dio: Entenda a Nova Lei e Suas #vidapolicial #podcast #policiafederal","2025-04-29T21:08:47Z"
"lmVqHdT9c_w","FILIPPO TURETTA INTERROGATO #femminicidio #filippoturetta","2023-12-04T08:47:07Z"
"ZLn_Ed6pYq8","Femminicidio di Sara Campanella, Stefano Argentino la segue poco dopo l&#39;ha uccisa 31/03/2025","2025-05-02T08:57:18Z"
"FtwrJJ3FICQ","FEMMINICIDIO: 14 anni dopo. Lo sfogo del padre di Melania Rea","2025-04-20T20:27:11Z"
"EcxW-XxesuE","Garlasco Femminicidio di Chiara Poggi   Caso infinito","2025-04-26T15:54:32Z"
"AsnYhBpZcdo","Meloni-femminicidio Stato complice quando risolviamo????","2025-04-03T13:42:11Z"
"93FcVRUETy0","Non crederai a quello che succede dietro le quinte!","2025-05-01T08:30:53Z"
"0dZJcJRyn4o","&quot;üïµÔ∏è‚Äç‚ôÄÔ∏è Hallan muerta a la tiktoker Aylin Gabriela, ex novia de Alex Marin, en #Tijuana üîç&quot;","2025-04-27T22:00:01Z"
"LYxFS3UiMkM","femminicidi marzo","2025-04-30T06:53:56Z"
